{
  "meta": {
    "target_timestep": 981,
    "target_step_index": 0,
    "num_inference_steps": 50,
    "guidance_scale": 2.5,
    "seed": 42,
    "layer_scope": "mid",
    "layer_substr": null,
    "ref_acceleration": false,
    "cached_reference_timestep": null,
    "dataset": "virtual_tryon",
    "categories": [
      "reference_self",
      "denoising_self",
      "denoising_ref_cross"
    ]
  },
  "results": {
    "reference_self": [
      {
        "category": "reference_self",
        "layer_name": "mid_block.attentions.0.transformer_blocks.0.attn1.processor",
        "timestep": 981,
        "shape": [
          2,
          8,
          192,
          192
        ],
        "total_l2": 8.371697425842285,
        "per_batch_l2": [
          3.3337464332580566,
          7.679286479949951
        ],
        "per_head_l2": [
          [
            1.1056859493255615,
            1.192555546760559,
            1.1130900382995605,
            1.0626424551010132,
            1.1615540981292725,
            1.2179187536239624,
            1.1892106533050537,
            1.3616905212402344
          ],
          [
            2.1122806072235107,
            2.4298179149627686,
            3.184394121170044,
            2.3601343631744385,
            1.945801019668579,
            2.415188789367676,
            4.1343488693237305,
            2.4865598678588867
          ]
        ],
        "mean": 0.005208330228924751,
        "max_value": 0.45849609375,
        "min_value": 3.0994415283203125e-06
      }
    ],
    "denoising_self": [
      {
        "category": "denoising_self",
        "layer_name": "mid_block.attentions.0.transformer_blocks.0.attn1.processor",
        "timestep": 981,
        "shape": [
          2,
          8,
          192,
          192
        ],
        "total_l2": 9.78011417388916,
        "per_batch_l2": [
          7.021214962005615,
          6.808316230773926
        ],
        "per_head_l2": [
          [
            1.7449042797088623,
            2.835677146911621,
            2.3465375900268555,
            1.841435432434082,
            2.310269355773926,
            1.641097903251648,
            3.0013880729675293,
            3.5036704540252686
          ],
          [
            1.733481526374817,
            2.9608383178710938,
            1.9911158084869385,
            1.8293261528015137,
            2.3673720359802246,
            1.322371244430542,
            2.83288836479187,
            3.448521375656128
          ]
        ],
        "mean": 0.00403432035818696,
        "max_value": 0.603515625,
        "min_value": 1.1920928955078125e-07
      }
    ],
    "denoising_ref_cross": [
      {
        "category": "denoising_ref_cross",
        "layer_name": "mid_block.attentions.0.transformer_blocks.0.attn1.processor",
        "timestep": 981,
        "shape": [
          2,
          8,
          192,
          192
        ],
        "total_l2": 2.243549346923828,
        "per_batch_l2": [
          0.6896899342536926,
          2.1349101066589355
        ],
        "per_head_l2": [
          [
            0.20352262258529663,
            0.20041759312152863,
            0.24288003146648407,
            0.23714879155158997,
            0.2190219908952713,
            0.3368726968765259,
            0.23458856344223022,
            0.2497350424528122
          ],
          [
            0.5197554230690002,
            0.3655552268028259,
            0.9308496713638306,
            0.6163382530212402,
            0.3580271303653717,
            1.3249647617340088,
            0.6782540082931519,
            0.7509776949882507
          ]
        ],
        "mean": 0.0011740182526409626,
        "max_value": 0.208251953125,
        "min_value": 1.7881393432617188e-07
      }
    ]
  }
}